,latitude,longitude
0,55.771265,37.46772
1,55.773957,37.596818
2,55.758237,37.705975
3,55.921804,37.987502
4,55.967164,37.517883
5,55.798081,37.967431
6,55.630952,37.649683
7,55.780237,37.552083
8,55.683253,37.768575
9,55.874487,37.726947
10,55.844134,37.508779
11,55.369134,37.539038
12,56.027416,37.843255
13,55.755794,37.86008
14,55.564155,37.87008
15,55.697627,37.6045
16,55.714159,36.892367
17,55.502719,37.898305
18,55.659055,37.64559
19,55.66305,37.640944
20,55.66212,37.635704
21,55.554691,37.730562
22,55.858311,37.124236
23,55.768799,37.665723
24,55.901974,38.070459
25,55.90154,38.064983
26,55.66943,37.655958
27,55.670281,37.65633
28,55.884237,37.379699
29,55.875212,37.320956
30,55.576278,37.899869
31,55.791925,37.737204
32,55.871635,37.525458
33,55.871334,37.520762
34,55.869496,37.51926
35,55.775322,37.648628
36,55.816254,37.457101
37,55.653549,37.494161
38,55.723991,37.601575
39,55.792324,37.70017
40,55.505252,37.571168
41,55.882086,37.413688
42,55.742822,37.484296
43,55.690597,37.569632
44,55.831489,37.283021
45,55.904993,37.337482
46,55.625188,37.524276
47,56.015162,37.45875
48,56.014423,37.459037
49,55.701552,37.597613
50,55.76557,37.586649
51,55.865856,37.665378
52,55.836617,37.308366
53,55.746837,37.649645
54,55.746573,37.652002
55,55.806955,37.66596
56,55.750929,37.392925
57,55.695602,37.59989
58,55.779778,37.555698
59,55.698843,37.516167
60,55.807889,37.478487
61,55.72173,37.566204
62,55.756247,37.811916
63,55.831978,37.680547
64,55.736729,37.67047
65,55.960462,37.736153
66,55.734838,37.590614
67,55.755897,37.541999
68,55.641709,37.413781
69,55.64049,37.415385
70,55.729565,37.589989
71,55.738248,37.617566
72,55.786794,37.627423
73,55.626258,37.53973
74,55.614359,37.527843
75,55.582165,37.584396
76,55.568443,37.559259
77,55.843746,37.648744
78,55.842769,37.647614
79,55.607519,37.67531
80,55.798032,37.80799
81,55.798467,37.810878
82,55.740699,37.587559
83,55.773998,37.465227
84,55.733806,37.582138
85,55.733701,37.57643
86,55.686028,37.872785
87,56.345831,37.533219
88,55.80728,37.291804
89,55.814009,37.480175
90,55.871079,37.545809
91,55.773145,37.147312
92,55.745905,37.189624
93,55.83844,37.180173
94,55.837463,37.307812
95,55.877697,37.554965
96,55.723521,37.566955
97,55.762618,37.738121
98,55.868781,37.522626
99,55.890303,37.533421
100,55.769717,37.426643
101,55.805985,37.33041
102,55.618455,37.30977
103,55.752493,37.658302
104,55.888809,37.097973
105,55.766938,37.59877
106,55.824537,37.460314
107,55.820021,37.456902
108,55.79851,37.579435
109,55.799447,37.701676
110,55.800202,37.699951
111,55.907505,37.57111
112,55.818935,37.46581
113,55.815876,37.537038
114,55.800385,37.554231
115,55.820178,37.530813
116,55.757613,37.379453
117,55.760945,37.376814
118,55.818392,37.461301
119,55.758723,37.648911
120,55.77272,37.246177
121,55.809066,37.472793
122,55.734195,37.572036
123,55.788651,37.364599
124,55.852697,37.404988
125,55.788198,37.687876
126,55.828387,37.531734
127,55.759376,37.567119
128,55.872955,37.533628
129,55.75787,37.654781
130,55.752896,37.654402
131,55.921136,37.988985
132,55.391917,36.717682
133,55.756507,37.638099
134,55.99813,37.912947
135,55.75329,37.608925
136,55.617967,37.65493
137,55.974097,37.872011
138,55.792495,37.68572
139,55.765693,37.652131
140,55.771139,37.740434
141,55.65107,37.651464
142,55.650826,37.646434
143,55.649686,37.65346
144,55.806011,37.479833
145,55.713937,37.630242
146,55.71134,37.647322
147,55.607348,37.732496
148,55.7093,37.775992
149,55.99008,37.147428
150,55.796817,37.692252
151,55.80105,37.64521
152,55.799583,37.568922
153,55.799025,37.656213
154,55.82623,37.657021
155,55.801498,37.557155
156,55.799344,37.67402
157,55.685713,37.262674
158,55.811503,37.556468
159,55.810781,37.528809
160,55.784024,37.611211
161,55.745458,37.404397
162,55.786797,37.577808
163,55.712993,37.80079
164,55.836235,37.749817
165,55.766738,37.433867
166,55.65053,37.491847
167,55.418667,38.257694
168,55.719436,37.665942
169,55.730308,37.832086
170,55.865576,37.66342
171,55.758358,38.085696
172,55.756428,38.090661
173,55.631231,37.50527
174,55.80919,37.480766
175,55.717717,37.438345
176,55.64438,38.002545
177,55.756935,37.808467
178,55.762753,37.794999
179,55.730688,37.831278
180,55.902005,37.464696
181,55.731598,37.662843
182,55.693579,37.752746
183,55.92071,37.806532
184,55.918723,37.825684
185,55.757793,37.540978
186,55.815581,37.953887
187,55.919078,37.82628
188,55.917783,37.858761
189,55.835371,37.307856
190,55.666433,37.547368
191,56.034803,37.231233
192,55.597622,38.131172
193,55.744441,37.404701
194,55.973863,37.198363
195,55.940862,37.502793
196,55.94119,37.517069
197,55.942536,37.513923
198,55.842238,37.646547
199,55.6778,37.725557
200,55.97841,37.904125
201,55.734244,37.58259
202,56.011435,38.380315
203,56.013961,38.380513
204,55.692632,37.752539
205,55.693383,37.749785
206,55.429049,37.527302
207,55.71476,37.527415
208,55.72267,37.432687
209,55.793891,37.601409
210,55.746269,37.403154
211,55.774724,37.635777
212,55.803036,37.484794
213,55.725532,37.618777
214,55.683884,37.759117
215,55.680073,37.464007
216,55.804125,37.479728
217,55.760808,37.639442
218,55.652679,37.533685
219,55.817954,37.858646
220,55.791742,37.689957
221,55.865744,37.431333
222,55.784265,37.605532
223,55.690051,37.811847
224,55.473084,37.291182
225,55.762422,37.776186
226,55.661591,37.926349
227,55.614913,37.527158
228,55.830114,37.724903
229,55.828451,37.723597
230,55.762035,37.799308
231,55.773588,37.678892
232,55.887775,37.704368
233,55.888051,37.707851
234,55.430088,37.533012
235,55.181793,37.706647
236,55.922458,37.777543
237,55.775358,37.60407
238,55.879972,37.463046
239,55.687496,37.557764
240,55.806866,37.73056
241,55.680911,37.254515
242,55.582541,37.522872
243,55.801678,37.779712
244,55.789779,37.484681
245,55.725233,37.628777
246,55.665949,37.904589
247,55.748983,37.980026
248,55.915779,38.005297
249,55.916282,38.007381
250,55.916324,38.009184
251,55.557786,37.347567
252,55.840169,37.457959
253,55.839489,37.458783
254,55.985559,37.101885
255,55.736774,36.855924
256,55.804744,37.711741
257,55.594683,37.364796
258,55.788044,37.695064
259,55.805149,37.456471
260,55.8321,37.668644
261,55.727336,37.956746
262,55.61215,36.599585
263,55.910175,38.023045
264,55.95738,38.055367
265,55.826719,37.771103
266,55.413569,37.842693
267,55.79017,37.821852
268,55.686078,37.551713
269,55.97348,37.113596
270,55.709214,37.523189
271,55.553453,37.731425
272,55.718612,37.480081
273,55.376794,37.38697
274,55.574749,38.216063
275,55.659675,37.994218
276,55.389349,36.718248
277,56.341572,37.526516
278,55.928915,37.917669
279,55.876173,37.7299
280,55.799109,37.457761
281,56.004059,38.192973
282,55.884947,37.704821
283,56.019533,37.836456
284,55.673521,37.65476
285,55.978324,37.74777
286,55.438808,37.744838
287,55.247532,37.629735
288,55.641505,37.669248
289,55.642286,37.666815
290,55.873604,38.19927
291,55.367933,37.517536
292,55.367095,37.515628
293,55.81378,37.465747
294,56.006116,37.798962
295,55.886515,37.378038
296,55.94301,37.300722
297,55.793646,38.433595
298,56.005029,37.828873
299,55.803337,38.468824
300,55.765908,38.213235
301,55.919218,37.365768
302,55.390435,36.716135
303,55.629939,37.868338
304,55.432076,37.765301
305,55.971109,37.832858
306,55.807816,37.482294
307,55.76548,38.491409
308,56.307305,38.111163
309,55.798791,38.470178
310,55.721404,38.040263
311,56.062776,38.254163
312,55.913041,37.62237
313,55.617205,38.092653
314,55.748017,38.116775
315,55.81152,38.189445
316,55.7803,38.453527
317,55.922272,37.776298
318,56.083364,37.495305
319,55.768043,38.210451
320,55.983812,38.124737
321,55.669394,37.501183
322,55.557651,37.732078
323,55.85114,38.435801
324,55.94605,37.895943
325,55.608571,37.296494
326,55.605607,36.698842
327,55.879985,38.451004
328,55.612951,37.002817
329,55.667381,37.165409
330,55.933305,36.701243
331,55.716881,37.606434
332,55.610091,37.670735
333,56.112813,38.417805
334,55.694928,37.936899
335,55.695626,37.938884
336,55.661725,37.364534
337,56.009909,37.840134
338,55.844247,37.642734
339,55.815161,37.697067
340,55.723256,37.667843
341,55.655067,37.154791
342,55.842864,38.208729
343,55.917134,38.115644
344,55.956413,38.026747
345,55.958229,38.054927
346,56.280466,37.507921
347,55.992752,37.172046
348,55.740668,37.956619
349,56.020818,36.986957
350,55.983851,37.835301
351,55.502838,37.326772
352,55.636708,37.270998
353,55.924672,38.231502
354,55.836131,37.327133
355,55.644699,37.499401
356,56.307749,38.111217
357,55.735916,36.848835
358,55.969637,37.156306
359,55.577055,38.216475
360,55.820715,37.691044
361,55.417497,37.40355
362,55.701565,37.679215
363,55.768033,37.701874
364,55.778154,37.625717
365,55.926699,38.150549
366,55.944907,38.198869
367,55.804093,37.783373
368,55.684321,37.270464
369,55.727545,37.163023
370,56.181291,37.007028
371,55.8296,37.528218
372,55.946678,37.486335
373,55.681983,37.148684
374,56.187535,36.950398
375,55.449823,37.4026
376,55.419697,37.769879
377,56.307054,38.110324
378,55.929701,36.865734
379,55.410456,37.470994
380,55.597047,38.128415
381,55.781775,38.674
382,56.137748,37.57376
383,55.673766,37.942679
384,55.892481,37.477949
385,55.525444,37.448722
386,55.834849,38.197536
387,55.644029,37.412235
388,55.73357,37.652789
389,56.149165,37.055003
390,55.458734,38.446228
391,55.50282,37.897753
392,56.234973,37.502038
393,55.62055,37.592801
394,55.901104,37.463654
395,56.168242,37.318783
396,55.807255,37.694951
397,55.847337,37.518347
398,55.51075,36.974935
399,55.929432,37.776888
400,55.727545,38.033037
401,55.727062,37.673221
402,55.653699,37.583021
403,55.97818,37.904888
404,55.410165,36.718876
405,56.213041,37.028255
406,55.333687,38.096101
407,55.781532,38.617161
408,55.162325,37.428329
409,55.163047,37.430357
410,55.150356,37.462867
411,55.149072,37.464212
412,55.24131,37.543769
413,55.530972,36.995286
414,55.182979,37.711261
415,55.442335,38.102315
416,55.603144,37.037618
417,55.613627,37.973121
418,55.782093,37.901965
419,55.782121,38.618038
420,55.798973,36.850759
421,55.788903,37.963551
422,55.772375,37.743132
423,55.412956,37.182252
424,55.776786,37.604622
425,55.703594,37.828378
426,55.712373,38.234167
427,55.771023,38.660708
428,55.800003,37.802118
429,55.859621,37.641641
430,55.670927,37.777239
431,56.165764,37.9545
432,55.501432,37.302175
433,55.500375,37.30489
434,55.751405,38.001192
435,55.271164,37.839371
436,55.901028,37.459861
437,55.7587,37.541027
438,55.780824,37.825771
439,55.669901,37.580819
440,55.603253,37.166176
441,55.598582,37.114423
442,55.376816,36.726033
443,55.801828,38.461423
444,55.792127,37.923613
445,55.805631,37.076984
446,55.56751,37.466715
447,55.681712,37.19525
448,55.839104,37.745916
449,56.112783,38.137213
450,55.800649,37.553125
451,55.438248,37.712013
452,55.732511,37.638814
453,55.897206,37.416111
454,55.368522,37.190495
455,56.144741,36.828584
456,55.934139,37.841567
457,56.185383,36.998137
458,55.846879,38.432799
459,55.42042,37.58246
460,55.421045,37.583835
461,55.939029,37.557898
462,55.939784,37.557145
463,55.693836,37.978299
464,55.763881,37.795037
465,55.763631,37.792356
466,55.662838,37.765216
467,55.75845,37.573704
468,55.764464,37.79361
469,55.76349,37.796663
470,55.763466,37.797325
471,55.763182,37.792432
472,55.368614,37.538646
473,55.76362,37.793964
474,55.76265,37.797451
475,55.743087,37.649737
476,55.763557,37.795575
477,55.766206,37.79442
478,55.77429,37.466042
479,55.757,37.8075
480,55.843794,37.647955
481,55.698227,37.602177
482,55.888196,37.097916
483,55.799527,37.568184
484,55.750746,37.402618
485,55.754898,37.861387
486,55.865387,37.665653
487,55.742761,37.484493
488,55.714032,36.892266
489,55.79231,37.683407
490,55.799355,37.699742
491,55.682464,37.768608
492,55.762859,37.79844
493,55.763292,37.794514
494,55.92135,37.989806
495,55.800865,37.674884
496,55.837259,37.75099
497,55.870391,37.521649
498,55.844297,37.510247
499,55.773787,37.595098
500,55.625065,37.52391
501,55.568381,37.55916
502,55.691513,37.570367
503,55.582444,37.584851
504,55.747579,37.395948
505,55.74587,37.391549
506,55.756944,37.392852
507,55.7564,37.392605
508,55.791871,37.737365
509,55.766656,37.598137
510,55.820744,37.530157
511,55.901008,38.065082
512,55.90128,38.064178
513,55.901894,38.064466
514,55.990269,37.147801
515,55.504755,37.570107
516,55.798181,37.810379
517,55.820472,37.460684
518,55.769728,37.470164
519,55.772395,37.470196
520,55.773207,37.46881
521,55.772231,37.465279
522,55.77009,37.466173
523,55.770489,37.469592
524,55.772011,37.465054
525,55.772604,37.46547
526,55.76915,37.469796
527,55.771426,37.464874
528,55.771085,37.469599
529,55.807439,37.666134
530,55.762864,37.738042
531,55.770867,37.743298
532,55.806207,37.330685
533,55.889668,37.533649
534,55.61724,37.655541
535,55.685703,37.262771
536,55.773661,37.598263
537,55.774945,37.595893
538,55.632094,37.650949
539,55.773394,37.597796
540,55.773826,37.598562
541,55.774718,37.597172
542,55.773971,37.598817
543,55.774728,37.596813
544,55.77437,37.599048
545,55.774493,37.595589
546,55.77413,37.599091
547,55.773421,37.595724
548,55.774971,37.597894
549,55.774252,37.599157
550,55.774677,37.597072
551,55.661846,37.635008
552,55.818963,37.465282
553,55.722234,37.566921
554,55.723442,37.567394
555,55.72326,37.566778
556,55.922377,37.987695
557,55.607437,37.732365
558,55.75444,37.399768
559,55.756549,37.393687
560,55.807672,37.476862
561,55.885863,37.378954
562,55.735334,37.591712
563,55.735244,37.581508
564,55.875522,37.726813
565,55.78864,37.685481
566,55.787031,37.688048
567,55.788205,37.685509
568,55.787521,37.686983
569,55.788879,37.689913
570,55.787733,37.691116
571,55.808536,37.478471
572,55.658532,37.642366
573,55.967538,37.516634
574,55.801177,37.556273
575,55.822707,37.461489
576,55.714646,37.631573
577,55.79851,37.966814
578,55.797937,37.967785
579,55.630917,37.649582
580,55.783044,37.61121
581,55.825359,37.656448
582,55.683849,37.770335
583,55.64208,37.413416
584,55.695267,37.60215
585,55.842879,37.50889
586,55.369681,37.541194
587,55.369263,37.538817
588,55.564622,37.869406
589,55.564361,37.868724
590,55.563764,37.86997
591,55.56422,37.870612
592,55.901872,38.070267
593,55.872655,37.525474
594,55.874703,37.531639
595,55.69503,37.598788
596,55.756423,37.542992
597,55.756664,37.543101
598,55.756757,37.544657
599,55.75619,37.541838
600,55.755344,37.543047
601,55.754228,37.540338
602,55.901424,38.066294
603,55.90167,38.065914
604,55.664128,37.642688
605,55.60772,37.674975
606,55.656493,37.647516
607,55.660024,37.641925
608,55.662012,37.642192
609,55.901765,38.065317
610,55.82515,37.461119
611,55.826412,37.459404
612,55.968694,37.51744
613,55.968276,37.519289
614,55.800163,37.569347
615,55.810908,37.528077
616,55.85907,37.126351
617,55.653647,37.493947
618,55.858262,37.121827
619,55.858072,37.124634
620,55.857729,37.122548
621,55.837215,37.309894
622,55.803784,37.288871
623,55.837505,37.307947
624,55.824475,37.462353
625,55.832147,37.28329
626,55.670534,37.654952
627,55.670458,37.657168
628,55.669947,37.655956
629,55.669186,37.655632
630,55.66947,37.656592
631,55.884537,37.384615
632,55.875741,37.325209
633,55.874536,37.317539
634,55.792166,37.736169
635,55.871828,37.523834
636,55.870078,37.51948
637,55.871773,37.521862
638,55.87073,37.527584
639,55.871931,37.519915
640,55.871047,37.523032
641,55.870725,37.518651
642,55.872289,37.527142
643,55.869417,37.518856
644,55.614648,37.526846
645,55.775639,37.648008
646,55.775519,37.649654
647,55.775609,37.649125
648,55.775331,37.646805
649,55.774963,37.648574
650,55.843351,37.648404
651,55.843618,37.649259
652,55.773488,37.465362
653,55.783489,37.609823
654,55.784665,37.607846
655,55.783568,37.613346
656,55.806573,37.288454
657,55.805636,37.289761
658,55.80673,37.287127
659,55.807143,37.286632
660,55.809281,37.288553
661,55.810859,37.293773
662,55.817167,37.458154
663,55.653542,37.495208
664,55.723962,37.599619
665,55.792478,37.698032
666,55.792672,37.70256
667,55.793042,37.698726
668,55.792241,37.702372
669,55.793132,37.700693
670,55.791672,37.698932
671,55.79147,37.700742
672,55.50433,37.571442
673,55.50526,37.572351
674,55.506029,37.570966
675,55.870934,37.54547
676,55.752778,37.656603
677,55.769021,37.468552
678,55.80794,37.480082
679,55.807446,37.480096
680,55.807144,37.479301
681,55.874951,37.316845
682,55.876471,37.318767
683,55.626589,37.540739
684,55.834162,37.28295
685,55.833107,37.282798
686,55.903811,37.334712
687,55.905304,37.332561
688,55.904476,37.333954
689,55.722209,37.595225
690,55.87735,37.555091
691,55.747314,37.65209
692,55.766448,37.59878
693,56.014854,37.459565
694,55.763079,37.798715
695,56.345849,37.531275
696,56.346237,37.531886
697,55.734453,37.579627
698,55.753358,37.607913
699,55.829735,37.280902
700,55.699478,37.595991
701,55.700812,37.594707
702,55.702929,37.597974
703,55.700772,37.600215
704,55.618514,37.31009
705,55.764612,37.58505
706,55.76418,37.586929
707,55.764894,37.584279
708,55.764511,37.588223
709,55.764256,37.588069
710,55.765575,37.587842
711,55.763925,37.587767
712,55.765975,37.584986
713,55.766578,37.586812
714,55.866816,37.664683
715,55.740574,37.588334
716,55.740903,37.587812
717,55.759502,37.566703
718,55.740523,37.586897
719,55.74149,37.586832
720,55.741233,37.586557
721,55.723936,37.566693
722,55.722328,37.565676
723,55.779146,37.555975
724,55.838436,37.307614
725,55.838805,37.307113
726,55.835499,37.308815
727,55.837952,37.308399
728,55.721783,37.565288
729,55.78496,37.611864
730,55.784824,37.612291
731,55.732648,37.583848
732,55.73527,37.58225
733,55.735006,37.582593
734,55.734735,37.582945
735,55.745847,37.649453
736,55.747868,37.648825
737,55.746872,37.65116
738,55.746402,37.648038
739,55.745767,37.650357
740,55.746588,37.650915
741,55.745904,37.648835
742,55.747667,37.64797
743,55.711566,37.647596
744,55.75322,37.659207
745,55.752636,37.660024
746,55.998381,37.912892
747,55.745993,37.3868
748,55.780249,37.551289
749,55.780044,37.555111
750,55.778926,37.555022
751,55.775189,37.646611
752,55.766954,37.58615
753,55.766912,37.586488
754,55.767092,37.597916
755,55.690137,37.569084
756,55.690402,37.570806
757,55.690919,37.571244
758,55.883513,37.37901
759,55.903774,37.337452
760,55.903923,37.340482
761,55.765836,37.653261
762,55.831085,37.280323
763,55.829722,37.288218
764,55.829282,37.283649
765,55.722039,37.565049
766,55.7327,37.581988
767,55.732713,37.581493
768,55.73297,37.581204
769,55.733447,37.576452
770,55.733943,37.583918
771,55.733833,37.583857
772,55.733261,37.584363
773,55.83271,37.284974
774,55.724869,37.60375
775,55.757077,37.809956
776,55.755641,37.814892
777,55.75586,37.809439
778,55.832152,37.684945
779,55.873576,37.318433
780,55.78833,37.626913
781,55.737421,37.670565
782,55.737057,37.671337
783,55.736387,37.670274
784,55.734515,37.589903
785,55.735444,37.591418
786,55.734743,37.591094
787,55.735156,37.591531
788,55.735225,37.590295
789,55.60662,37.674384
790,55.754835,37.539039
791,55.766212,37.587436
792,55.844657,37.50768
793,55.843738,37.508036
794,55.639481,37.415988
795,55.639941,37.414474
796,55.640132,37.41392
797,55.63956,37.41574
798,55.639798,37.414945
799,55.640434,37.414194
800,55.639675,37.415355
801,55.640781,37.41344
802,55.640328,37.416639
803,55.641295,37.414932
804,55.641608,37.416394
805,55.418616,38.257648
806,55.72982,37.590195
807,55.729712,37.589716
808,55.729165,37.590014
809,55.72952,37.590692
810,55.729479,37.589354
811,55.764466,37.588264
812,55.764652,37.587801
813,55.737917,37.61711
814,55.738902,37.617295
815,55.738479,37.616621
816,55.785769,37.626729
817,55.784798,37.629244
818,55.625162,37.538855
819,55.625105,37.540781
820,55.625794,37.538568
821,55.62687,37.538965
822,55.581453,37.584806
823,55.568725,37.559704
824,55.568771,37.559739
825,55.5817,37.583639
826,55.843457,37.647514
827,55.84255,37.647755
828,55.607353,37.676058
829,55.798472,37.811328
830,55.798114,37.80747
831,55.773529,37.464735
832,55.77468,37.464865
833,55.774409,37.465424
834,55.774753,37.464326
835,55.774272,37.463554
836,55.734373,37.579866
837,55.773654,37.463809
838,55.734033,37.57692
839,55.734106,37.576662
840,55.772438,37.24613
841,55.805187,37.293469
842,55.814259,37.481256
843,55.871195,37.545879
844,55.773834,37.147765
845,55.745617,37.189826
846,55.746242,37.189388
847,55.838217,37.306596
848,55.837474,37.306592
849,55.878034,37.555739
850,55.877992,37.553927
851,55.73537,37.591662
852,55.762597,37.738284
853,55.891042,37.536248
854,55.870001,37.523876
855,55.867742,37.525
856,55.869614,37.520402
857,55.868289,37.521306
858,55.868985,37.520416
859,55.76655,37.79622
860,55.774194,37.465992
861,55.891042,37.535837
862,55.891042,37.536072
863,55.890972,37.536386
864,55.891008,37.534608
865,55.890969,37.533066
866,55.805889,37.330465
867,55.753306,37.658184
868,55.751388,37.658412
869,55.752905,37.657089
870,55.751867,37.660846
871,55.751601,37.657233
872,55.889897,37.099869
873,55.888625,37.096548
874,55.890184,37.098934
875,55.767246,37.598879
876,55.7666,37.598934
877,55.766738,37.599449
878,55.821662,37.458365
879,55.821188,37.460388
880,55.822504,37.456651
881,55.891149,37.532395
882,55.89136,37.532196
883,55.891114,37.530295
884,55.798394,37.579963
885,55.798155,37.579867
886,55.79811,37.579117
887,55.811252,37.530943
888,55.799182,37.655815
889,55.809982,37.529473
890,55.811458,37.529534
891,55.650821,37.490212
892,55.65106,37.490087
893,55.649073,37.493273
894,55.651632,37.492652
895,55.650297,37.489668
896,55.800521,37.700045
897,55.80517,37.288482
898,55.807924,37.287552
899,55.804978,37.287767
900,55.69792,37.61036
901,55.698299,37.610044
902,55.799863,37.70037
903,55.800598,37.701084
904,55.800167,37.699534
905,55.799116,37.702508
906,55.920694,37.988874
907,55.920748,37.988447
908,55.921003,37.986549
909,55.810247,37.528436
910,55.72195,37.600249
911,55.691531,37.571364
912,55.720598,37.595812
913,55.721384,37.594209
914,55.906104,37.333788
915,55.859335,37.123381
916,55.858505,37.126405
917,55.814957,37.538995
918,55.815498,37.538608
919,55.816503,37.53772
920,55.816495,37.53542
921,55.818203,37.466253
922,55.816093,37.535502
923,55.814733,37.538121
924,55.819292,37.531567
925,55.754536,37.381944
926,55.756346,37.392723
927,55.748534,37.380436
928,55.764154,37.379538
929,55.760376,37.374853
930,55.757413,37.372991
931,55.760898,37.378011
932,55.763288,37.376638
933,55.815551,37.458252
934,55.815511,37.455923
935,55.814808,37.453935
936,55.820685,37.455292
937,55.819233,37.454358
938,55.816597,37.459044
939,55.81582,37.458488
940,55.81603,37.458671
941,55.815614,37.458306
942,55.818814,37.456024
943,55.82208,37.456288
944,55.823653,37.458047
945,55.826661,37.459807
946,55.826129,37.460679
947,55.77902,37.555858
948,55.82743,37.531884
949,55.766594,37.435757
950,55.758669,37.64794
951,55.614136,37.529768
952,55.73809,37.618296
953,55.772992,37.246569
954,55.773009,37.245375
955,55.814527,37.479612
956,55.813695,37.479203
957,55.81322,37.48024
958,55.813646,37.479571
959,55.813959,37.478685
960,55.813468,37.479708
961,55.814521,37.480948
962,55.814324,37.478888
963,55.813658,37.480914
964,55.813739,37.47888
965,55.753814,37.608707
966,55.787342,37.690572
967,55.787149,37.689904
968,55.765067,37.798042
969,55.763722,37.798188
970,55.828468,37.531765
971,55.758966,37.567193
972,55.87219,37.537259
973,55.87295,37.537251
974,55.873748,37.531372
975,55.873185,37.531033
976,55.873294,37.531345
977,55.874919,37.5327
978,55.873789,37.534531
979,55.874523,37.533675
980,55.873228,37.536208
981,55.873558,37.535147
982,55.871774,37.53402
983,55.871767,37.535782
984,55.871399,37.533542
985,55.872121,37.531495
986,55.871798,37.53689
987,55.759406,37.567999
988,55.759813,37.567565
989,55.883737,37.385216
990,55.757026,37.812925
991,55.756852,37.815507
992,55.746978,37.651121
993,55.751656,37.66103
994,55.751546,37.660286
995,55.751431,37.659295
996,55.751396,37.658589
997,55.757627,37.654868
998,55.758113,37.654334
999,55.752944,37.65358
1000,55.752594,37.654073
1001,55.752638,37.654902
1002,55.753168,37.654287
1003,55.752742,37.653582
1004,55.752608,37.654564
1005,55.922178,37.99043
1006,55.920796,37.988068
1007,55.996664,37.913863
1008,55.708906,37.77629
1009,55.816546,37.535624
1010,55.816732,37.536387
1011,55.607789,37.676113
1012,55.648698,37.652354
1013,55.650122,37.651558
1014,55.872182,37.319644
1015,55.763943,37.5876
1016,55.617845,37.652909
1017,55.619809,37.656026
1018,55.619178,37.656472
1019,55.975086,37.871478
1020,55.973674,37.871222
1021,55.792588,37.683705
1022,55.792923,37.684925
1023,55.76615,37.651244
1024,55.766002,37.650942
1025,55.766271,37.652312
1026,55.765317,37.651419
1027,55.765616,37.65078
1028,55.7689,37.737805
1029,55.769836,37.735992
1030,55.771405,37.737244
1031,55.772685,37.743736
1032,55.773038,37.740712
1033,55.769613,37.741785
1034,55.791839,37.684455
1035,55.762662,37.793002
1036,55.651895,37.65155
1037,55.650054,37.65041
1038,55.651781,37.650667
1039,55.651092,37.645326
1040,55.651919,37.647532
1041,55.650621,37.649546
1042,55.649469,37.651106
1043,55.830818,37.28695
1044,55.745922,37.186886
1045,55.702381,37.595196
1046,55.701894,37.594613
1047,55.800739,37.644861
1048,55.800523,37.6728
1049,55.798517,37.578086
1050,55.79827,37.578186
1051,55.712341,37.630078
1052,55.714656,37.628146
1053,55.873026,37.31888
1054,55.710831,37.646705
1055,55.607036,37.732769
1056,55.793568,37.689022
1057,55.806301,37.665772
1058,55.684488,37.768432
1059,55.684186,37.767345
1060,55.709492,37.774997
1061,55.709539,37.77658
1062,55.709048,37.777571
1063,55.831564,37.683489
1064,55.989753,37.146513
1065,55.797342,37.691509
1066,55.796538,37.693866
1067,55.800817,37.645287
1068,55.801223,37.64541
1069,55.801004,37.645382
1070,55.801201,37.645007
1071,55.799232,37.569735
1072,55.799644,37.570204
1073,55.769166,37.666527
1074,55.815676,37.45351
1075,55.798988,37.657324
1076,55.870907,37.32086
1077,55.843099,37.647174
1078,55.826953,37.658042
1079,55.825774,37.659584
1080,55.786718,37.577156
1081,55.801253,37.557342
1082,55.826279,37.65841
1083,55.800124,37.6762
1084,55.800728,37.67601
1085,55.798909,37.673577
1086,55.873956,37.727403
1087,55.875336,37.728275
1088,55.874987,37.728731
1089,55.77331,37.246218
1090,55.800227,37.555879
1091,55.800456,37.555601
1092,55.82678,37.65544
1093,55.827202,37.656675
1094,55.811205,37.556979
1095,55.809432,37.556298
1096,55.810492,37.53067
1097,55.811452,37.528397
1098,55.775554,37.649626
1099,55.775424,37.64984
1100,55.61974,37.656099
1101,55.775386,37.64994
1102,55.774672,37.647025
1103,55.79909,37.577988
1104,55.799111,37.580255
1105,55.799483,37.57957
1106,55.76336,37.792071
1107,55.763368,37.794452
1108,55.762891,37.798507
1109,55.762931,37.798508
1110,55.787164,37.578353
1111,55.844121,37.648824
1112,55.656369,37.648244
1113,55.656367,37.649079
1114,55.656714,37.64958
1115,55.656999,37.650006
1116,55.65839,37.649525
1117,55.660225,37.648439
1118,55.661386,37.645753
1119,55.713725,37.800673
1120,55.712501,37.802316
1121,55.826395,37.655163
1122,55.82606,37.654736
1123,55.833329,37.745486
1124,55.75588,37.859906
1125,55.651705,37.490341
1126,55.649818,37.495868
1127,55.780714,37.556011
1128,55.419751,38.259542
1129,55.835546,37.756393
1130,55.659027,37.99753
1131,55.821453,37.460568
1132,55.80046,37.672505
1133,55.852775,37.407173
1134,55.697924,37.610357
1135,55.784968,38.655534
1136,55.745613,37.403615
1137,55.750716,37.402781
1138,55.63971,37.415239
1139,55.770096,37.699158
1140,55.648347,37.518346
1141,55.977686,37.904764
1142,56.015243,37.460083
1143,55.662117,37.525864
1144,55.754981,37.858921
1145,55.640893,37.477094
1146,55.743026,37.486265
1147,55.712467,37.526749
1148,55.716304,36.891366
1149,55.886197,37.379521
1150,55.652946,37.996976
1151,55.817165,37.458166
1152,55.616585,37.76403
1153,55.701722,37.563179
1154,55.804822,37.484323
1155,55.682258,37.758882
1156,55.68358,37.756593
1157,55.695372,37.598227
1158,55.438738,37.745334
1159,55.674415,37.268857
1160,55.686408,37.26249
1161,55.727043,37.61789
1162,55.727004,37.617399
1163,55.717052,37.476963
1164,55.432093,37.765151
1165,55.443189,37.768831
1166,55.766236,37.794646
1167,55.668046,37.902699
1168,55.664248,37.904123
1169,55.685545,37.261971
1170,55.830385,37.681492
1171,55.691572,37.811982
1172,55.686636,37.871995
1173,55.693719,37.749696
1174,55.692588,37.75511
1175,55.869153,37.518659
1176,55.869779,37.518506
1177,55.887348,37.703248
1178,55.799498,37.802857
1179,56.011387,38.380423
1180,55.845327,37.509355
1181,55.844663,37.50781
1182,55.812819,37.556882
1183,55.773387,37.595782
1184,55.807806,37.730531
1185,55.837869,37.306881
1186,55.464724,37.553071
1187,55.915534,38.007543
1188,55.707187,37.974043
1189,55.574163,38.213567
1190,55.574154,38.214828
1191,55.574147,38.215206
1192,55.702469,37.595342
1193,55.755243,37.813607
1194,55.558274,37.345144
1195,55.558793,37.347946
1196,55.556227,37.344897
1197,55.746563,37.391963
1198,55.756359,37.392696
1199,55.748102,37.397996
1200,55.790931,37.735915
1201,55.790404,37.738258
1202,55.599507,38.127924
1203,55.865473,37.431937
1204,55.865179,37.430348
1205,55.865334,37.431301
1206,55.918536,37.829679
1207,55.918881,37.857401
1208,55.918497,37.82316
1209,55.866775,37.664946
1210,55.74364,37.403287
1211,55.745318,37.403175
1212,56.132258,37.933967
1213,55.833815,37.744853
1214,55.840092,37.744464
1215,55.794464,37.688951
1216,55.931078,36.783821
1217,55.829401,37.728336
1218,55.59468,37.364833
1219,56.347079,37.533805
1220,56.346067,37.532549
1221,55.989718,37.149088
1222,55.786766,37.69188
1223,55.80609,37.457331
1224,55.505772,37.570032
1225,55.92231,37.986073
1226,55.758665,37.647943
1227,55.969847,37.15627
1228,55.71422,37.614836
1229,55.827143,37.770391
1230,55.791294,37.820803
1231,55.627996,37.849308
1232,55.572617,38.195547
1233,55.448811,37.510103
1234,55.883118,38.437141
1235,55.877881,38.46984
1236,55.315233,37.527271
1237,55.721314,37.434669
1238,55.685032,37.55137
1239,55.686277,37.55464
1240,55.65406,37.597383
1241,55.685727,37.553988
1242,55.97346,37.115954
1243,55.816488,37.53539
1244,55.575284,38.218207
1245,55.575787,38.217917
1246,55.660359,37.992525
1247,55.712198,37.64778
1248,55.645894,37.501113
1249,55.772285,37.46532
1250,55.770001,37.466183
1251,55.807203,37.73022
1252,55.768877,37.739421
1253,55.819056,37.454898
1254,55.876096,37.728909
1255,55.799721,37.458115
1256,55.88461,37.706328
1257,56.018806,37.838019
1258,55.722819,37.602091
1259,55.673725,37.655793
1260,55.683677,37.259692
1261,55.685319,37.264437
1262,55.974772,37.114371
1263,55.773831,37.595022
1264,55.773268,37.596052
1265,55.774963,37.597909
1266,55.774795,37.596693
1267,55.774134,37.599097
1268,55.774698,37.598407
1269,55.696478,37.735507
1270,55.799892,37.554144
1271,55.670268,37.759079
1272,55.722208,37.460298
1273,55.642085,37.669595
1274,55.643605,37.666273
1275,55.642877,37.668053
1276,55.872903,38.198978
1277,55.832545,38.277878
1278,55.853803,38.433915
1279,55.920864,37.987532
1280,55.922497,37.989967
1281,55.782717,37.550276
1282,55.78073,37.555984
1283,55.78191,37.554433
1284,55.81476,37.467217
1285,55.721241,37.566181
1286,55.920928,37.98701
1287,55.922805,37.987857
1288,55.802074,37.485159
1289,55.764366,37.793692
1290,55.764155,37.791548
1291,55.763438,37.796859
1292,55.943684,37.300253
1293,55.79898,37.703394
1294,55.808806,37.473193
1295,55.779763,37.547365
1296,55.983472,37.233864
1297,55.78866,37.481998
1298,55.685322,37.550875
1299,55.685842,37.549985
1300,55.685631,37.550346
1301,55.685364,37.550803
1302,55.685908,37.549873
1303,55.842325,38.411782
1304,55.850915,37.405145
1305,55.84286,38.411208
1306,55.885288,37.383603
1307,55.792166,38.464583
1308,55.878704,38.471978
1309,55.548012,37.322966
1310,55.728567,37.562576
1311,55.804852,37.478762
1312,55.920104,37.365655
1313,55.804903,37.480978
1314,55.735371,37.581677
1315,55.735124,37.581125
1316,55.7895,37.486219
1317,55.802856,37.482301
1318,55.787721,37.691099
1319,55.792421,38.433367
1320,55.649473,37.656189
1321,55.81917,37.528703
1322,55.806718,37.478174
1323,55.808755,37.482062
1324,55.806737,37.478751
1325,55.806785,37.480281
1326,55.66416,37.168875
1327,55.669429,37.164998
1328,55.79254,38.010089
1329,55.661735,37.635244
1330,55.77994,37.547075
1331,55.969208,37.912084
1332,55.81039,38.190087
1333,55.810627,38.190696
1334,55.811053,38.191804
1335,56.073573,38.514626
1336,55.921864,37.773938
1337,55.851113,37.401361
1338,55.8515,37.406278
1339,55.852693,37.407116
1340,55.923544,37.778486
1341,55.797173,37.966935
1342,55.797705,37.968573
1343,55.798756,37.968148
1344,55.801826,37.484765
1345,55.802701,37.477173
1346,55.642361,37.412031
1347,55.799644,37.458722
1348,55.723863,38.332417
1349,55.76966,37.702727
1350,55.668313,37.50221
1351,55.668514,37.501661
1352,55.836308,38.285163
1353,55.807962,37.696618
1354,55.55792,37.730888
1355,55.719081,37.667496
1356,55.718973,37.664157
1357,55.82508,37.65641
1358,55.682096,37.765715
1359,55.88892,37.706324
1360,55.887293,37.704491
1361,55.790828,37.735922
1362,55.405285,37.492796
1363,55.608178,37.297864
1364,55.607236,37.296121
1365,55.607366,37.296363
1366,55.607118,37.295907
1367,55.721929,37.600119
1368,55.609491,37.295481
1369,55.72198,37.599831
1370,55.688327,37.557811
1371,55.687205,37.556521
1372,55.770606,37.465534
1373,55.619768,37.656068
1374,55.975018,37.11216
1375,55.775107,37.633739
1376,55.607793,37.676096
1377,55.755543,37.862401
1378,55.413964,37.842472
1379,55.716715,37.603183
1380,55.732311,37.639207
1381,55.901953,38.068955
1382,55.794667,38.436354
1383,55.79433,38.43615
1384,55.793817,38.436279
1385,55.792912,38.436783
1386,55.75628,37.541965
1387,55.746557,37.404568
1388,55.745789,37.402972
1389,55.664029,37.639881
1390,55.664448,37.642495
1391,55.663792,37.637954
1392,55.782045,37.904746
1393,55.658884,37.641413
1394,55.661383,37.645593
1395,55.610679,36.599532
1396,55.784473,37.606219
1397,55.784744,37.605587
1398,55.844193,37.642075
1399,55.610971,36.607153
1400,55.616745,36.603232
1401,55.599145,38.126612
1402,55.686119,37.549518
1403,55.777546,37.626975
1404,55.778635,37.625016
1405,55.824484,37.462368
1406,55.825066,37.460703
1407,55.57625,38.216554
1408,55.66552,37.906413
1409,55.918381,37.824756
1410,55.860742,38.454035
1411,55.917314,38.115432
1412,55.779329,38.448012
1413,55.798155,37.579868
1414,55.920123,37.825306
1415,55.749527,37.981066
1416,55.74787,37.978511
1417,55.934691,37.842516
1418,55.478929,37.757146
1419,55.723228,37.667884
1420,55.808205,37.296145
1421,55.400905,37.450448
1422,55.942267,37.515462
1423,55.793171,38.437405
1424,55.636995,37.270324
1425,55.637349,37.27031
1426,55.931647,36.868862
1427,55.802533,38.434559
1428,56.183445,36.949131
1429,55.369288,37.538474
1430,55.369413,37.539715
1431,55.369557,37.539205
1432,55.369709,37.538324
1433,55.369728,37.538332
1434,55.369763,37.539754
1435,55.694751,37.598981
1436,55.919771,37.998529
1437,55.652406,37.491909
1438,55.654789,37.496553
1439,55.874902,37.316986
1440,55.83622,37.311189
1441,55.798091,37.578285
1442,55.768044,37.666347
1443,55.834522,37.30846
1444,55.836103,37.310993
1445,55.837982,37.308754
1446,55.835678,37.310301
1447,55.835642,37.306613
1448,55.824946,37.657327
1449,55.835807,37.326648
1450,55.836815,37.325416
1451,55.808672,37.288023
1452,55.643024,37.496806
1453,55.831098,37.67528
1454,55.6701,37.657046
1455,55.831698,37.683473
1456,55.819535,37.690503
1457,55.775536,37.649641
1458,55.390468,36.717444
1459,55.702384,37.681441
1460,55.830741,37.280107
1461,55.831638,37.280561
1462,55.842302,37.647602
1463,55.843387,37.649206
1464,55.8387,37.30661
1465,55.7742,37.465994
1466,55.767383,37.704168
1467,55.91789,37.860571
1468,55.735992,36.847323
1469,55.782795,37.611998
1470,55.783288,37.610442
1471,55.783484,37.609839
1472,55.784267,37.60747
1473,55.784481,37.606833
1474,55.81112,37.297278
1475,55.57495,38.212282
1476,55.576281,38.217398
1477,55.80672,37.286619
1478,55.807231,37.286635
1479,55.807481,37.286643
1480,55.831817,37.683687
1481,55.83177,37.72324
1482,55.816024,37.458666
1483,55.804224,37.783258
1484,55.928085,36.867788
1485,55.83797,37.30659
1486,55.713177,37.529563
1487,55.752785,37.656605
1488,55.764225,37.588041
1489,56.180736,37.004689
1490,56.181455,37.005447
1491,56.182401,37.006717
1492,56.182743,37.007133
1493,56.181067,36.945233
1494,56.189307,36.948494
1495,56.189924,36.952103
1496,56.286141,37.483966
1497,55.743595,37.482898
1498,55.840849,37.17366
1499,55.510386,38.336911
1500,55.884024,37.410217
1501,55.807143,37.479318
1502,55.754106,37.538794
1503,55.690871,37.809953
1504,55.775213,37.149563
1505,55.98972,37.146544
1506,55.942485,38.198569
1507,55.945267,38.197462
1508,56.305991,38.109659
1509,56.308231,38.110689
1510,56.308148,38.109543
1511,55.595496,38.126672
1512,55.597777,38.124683
1513,55.79546,38.432972
1514,55.765278,37.652294
1515,55.765389,37.6527
1516,55.765514,37.653197
1517,55.596573,38.130703
1518,55.596519,38.130595
1519,55.596545,38.130644
1520,55.747318,37.652079
1521,55.595452,38.126717
1522,55.598947,38.127545
1523,55.596157,38.128625
1524,56.013179,37.459063
1525,56.01438,37.458416
1526,56.014875,37.459255
1527,55.685102,37.55612
1528,55.763089,37.798719
1529,56.346088,37.531656
1530,55.67261,37.65526
1531,55.73446,37.579644
1532,55.753361,37.607915
1533,55.791894,37.735803
1534,55.792977,37.735675
1535,55.620686,37.593331
1536,55.595371,38.128118
1537,55.81091,38.436333
1538,55.799347,38.437688
1539,55.568636,37.559747
1540,55.794451,37.612519
1541,55.764237,37.587183
1542,55.765904,37.584793
1543,55.766357,37.585388
1544,55.975774,37.610712
1545,55.842778,38.207091
1546,55.843149,38.207532
1547,55.843351,38.207773
1548,55.740582,37.588318
1549,55.597912,38.132476
1550,55.758931,37.567339
1551,55.759046,37.566747
1552,55.759779,37.56771
1553,55.83788,37.306588
1554,55.834777,38.195602
1555,55.7295,37.589311
1556,55.741047,37.586407
1557,55.741521,37.586905
1558,55.753215,37.653473
1559,55.72186,37.567445
1560,55.842076,38.210364
1561,55.620329,37.593166
1562,55.620162,37.592421
1563,55.597865,38.132543
1564,55.76639,38.211294
1565,55.767094,38.206211
1566,55.741058,37.956678
1567,55.426669,37.763916
1568,55.613141,37.529645
1569,55.76691,37.585997
1570,55.734193,37.589663
1571,55.734859,37.589743
1572,55.901638,37.462847
1573,55.656975,37.604314
1574,55.843078,37.508624
1575,55.746945,37.651194
1576,55.746384,37.651133
1577,55.652186,37.645512
1578,55.923228,37.783825
1579,55.929599,37.776569
1580,55.787882,37.6862
1581,55.752983,37.659699
1582,55.999166,37.913522
1583,55.730883,37.831279
1584,55.650715,37.644433
1585,55.656608,37.647707
1586,55.610209,37.670088
1587,55.850894,37.405086
1588,55.699144,37.516281
1589,55.709086,37.523446
1590,55.709173,37.52306
1591,55.712178,37.630232
1592,55.595193,36.558694
1593,55.654128,37.582305
1594,55.657695,37.643908
1595,55.517477,37.72021
1596,55.614111,37.529012
1597,55.716396,37.63099
1598,55.427744,37.533121
1599,55.428366,37.535946
1600,55.429339,37.531591
1601,55.43094,37.53018
1602,55.803087,37.545883
1603,55.369551,37.538498
1604,56.213509,37.028558
1605,55.767041,37.597922
1606,55.830323,37.280007
1607,55.653738,37.155516
1608,55.83497,37.309182
1609,55.613278,37.97312
1610,55.162781,37.431852
1611,55.163243,37.429392
1612,55.163546,37.430322
1613,55.389764,36.715373
1614,55.3904,36.717443
1615,55.390851,36.716973
1616,55.390989,36.713845
1617,55.149336,37.462268
1618,55.150343,37.461302
1619,55.150623,37.464735
1620,56.034706,37.231172
1621,56.034624,37.231548
1622,55.765822,37.653282
1623,55.56298,38.044454
1624,55.596464,38.12618
1625,55.848271,38.433089
1626,55.733504,37.577264
1627,55.733801,37.583857
1628,55.757336,37.807496
1629,55.755233,37.813681
1630,55.757091,37.808175
1631,55.756997,37.808859
1632,55.687359,37.873278
1633,55.68493,37.873916
1634,55.756838,37.80768
1635,55.757009,37.80736
1636,55.735357,37.591692
1637,55.787049,37.625264
1638,55.787379,37.62498
1639,55.788553,37.624897
1640,55.181034,37.708383
1641,55.873481,37.535361
1642,55.734295,37.590514
1643,55.718325,37.664601
1644,55.708088,37.725316
1645,55.720551,37.664231
1646,55.806118,37.692281
1647,55.613367,37.972551
1648,55.787169,37.629073
1649,55.843976,38.622
1650,55.734294,37.590439
1651,55.780099,37.546816
1652,55.780433,37.546269
1653,55.766552,37.585806
1654,55.766951,37.586149
1655,55.76635,37.585581
1656,55.620421,37.592175
1657,55.688893,37.262524
1658,55.889468,37.532603
1659,55.889363,37.533743
1660,55.768304,37.584066
1661,55.796631,37.690743
1662,55.716291,37.607704
1663,55.69509,37.938886
1664,55.695262,37.939426
1665,55.69576,37.939654
1666,55.608666,38.438038
1667,55.620773,37.592539
1668,55.595855,38.486846
1669,55.695955,37.600138
1670,55.649648,37.64597
1671,55.871984,37.519898
1672,55.796667,37.690685
1673,55.712856,37.529086
1674,55.872894,38.199305
1675,55.941283,37.517067
1676,55.642467,37.669049
1677,55.88961,37.532123
1678,55.723625,37.617842
1679,55.766331,37.700547
1680,55.369656,37.539617
1681,55.419331,38.258585
1682,55.750938,37.677725
1683,55.880684,38.467748
1684,55.884847,38.446741
1685,55.983063,37.233097
1686,55.983249,37.23313
1687,55.664015,37.643546
1688,55.809553,37.483415
1689,55.666098,37.904168
1690,55.666196,37.902621
1691,55.739105,37.430875
1692,55.730063,37.56398
1693,55.215058,37.933088
1694,55.318554,37.182082
1695,55.779989,37.55224
1696,55.665875,37.904661
1697,55.794896,38.431933
1698,55.656318,37.643576
1699,55.822032,37.66678
1700,55.588727,38.203518
1701,55.742901,38.610961
1702,55.901957,38.069
1703,56.150366,37.835226
1704,55.428765,37.532387
1705,55.737997,37.489003
1706,55.595616,37.208009
1707,55.921808,37.987768
1708,55.864207,37.650769
1709,55.298052,37.753911
1710,55.66102,37.484729
1711,55.916524,37.710051
1712,55.908817,37.703058
1713,55.844104,38.240413
1714,55.543747,37.539704
1715,55.682043,37.887594
1716,55.913232,37.843667
1717,55.471925,37.544494
1718,55.35076,38.431287
1719,55.911627,37.706263
1720,55.765953,37.582249
1721,55.617546,37.716125
1722,55.69184,37.549295
1723,55.829821,37.63934
1724,55.568767,36.833929
1725,55.630249,37.648321
1726,55.685206,37.757763
1727,55.784827,37.629236
1728,55.78485,37.62924
1729,55.798703,37.805552
1730,55.773476,37.465408
1731,55.703634,37.827494
1732,55.740891,37.587833
1733,55.773578,37.465449
1734,55.702007,37.602764
1735,55.734432,37.579795
1736,55.733489,37.575887
1737,55.734098,37.576644
1738,55.764049,37.587938
1739,55.818176,37.462404
1740,55.813223,37.480655
1741,55.814249,37.481223
1742,55.88936,37.534254
1743,55.889891,37.536446
1744,55.87138,37.545307
1745,55.890567,37.529415
1746,55.745527,37.188276
1747,55.745634,37.190802
1748,55.877362,37.556009
1749,55.723284,37.567121
1750,55.723332,37.567229
1751,55.67282,37.65625
1752,55.734016,37.571527
1753,55.867373,37.524907
1754,55.599002,38.129827
1755,55.598956,38.129939
1756,55.713323,37.627545
1757,55.727053,37.618007
1758,55.727024,37.617652
1759,55.72528,37.620163
1760,55.791314,37.82223
1761,55.704262,37.828643
1762,55.703621,37.827469
1763,55.900905,37.45924
1764,55.751496,38.001094
1765,55.811547,37.528549
1766,55.765408,37.434969
1767,55.810081,37.529072
1768,55.810217,37.528514
1769,55.810994,37.528125
1770,55.810352,37.528001
1771,55.811352,37.53056
1772,55.811269,37.528275
1773,55.649739,37.49043
1774,55.651448,37.493564
1775,55.650835,37.490232
1776,55.651702,37.490336
1777,55.758834,37.541364
1778,55.756249,37.541848
1779,55.825853,37.65457
1780,55.920748,37.988444
1781,55.669622,37.499005
1782,55.805936,37.729588
1783,55.810198,37.528592
1784,55.607587,37.732779
1785,55.802229,38.467639
1786,55.752712,37.60906
1787,55.858498,37.126335
1788,55.858449,37.126129
1789,55.858166,37.125004
1790,55.85768,37.123071
1791,55.858494,37.121644
1792,55.808449,37.477679
1793,55.694968,37.938949
1794,55.808807,37.473377
1795,55.808599,37.479097
1796,55.87379,37.534528
1797,55.712626,37.629068
1798,55.727029,38.033054
1799,55.829675,37.669275
1800,55.816025,37.538282
1801,55.817019,37.537457
1802,55.816516,37.535505
1803,55.773505,37.67906
1804,55.662476,37.643884
1805,55.801211,37.551145
1806,55.801557,37.552022
1807,55.799076,37.554628
1808,55.799487,37.554091
1809,55.800264,37.552392
1810,55.80137,37.553925
1811,55.800446,37.555578
1812,55.767283,37.598246
1813,55.81879,37.532259
1814,55.820684,37.531982
1815,55.821714,37.531607
1816,55.75929,37.377401
1817,55.834572,37.307739
1818,55.830156,37.676241
1819,55.843729,37.649287
1820,55.598389,37.114249
1821,55.829046,37.532273
1822,55.827592,37.532395
1823,55.80469,37.711809
1824,55.760557,37.639587
1825,55.749355,37.979163
1826,55.615774,37.53183
1827,55.602971,37.166204
1828,55.781305,37.904582
1829,55.780148,37.901136
1830,55.780541,37.904565
1831,55.737888,37.618452
1832,55.738096,37.618291
1833,55.738374,37.618076
1834,55.738647,37.617863
1835,55.738608,37.616522
1836,55.73838,37.616698
1837,55.738017,37.617014
1838,55.737817,37.617205
1839,55.737581,37.617425
1840,55.737549,37.617454
1841,55.792732,37.68529
1842,55.880223,37.465215
1843,55.880762,37.463998
1844,55.75384,37.608529
1845,55.84817,37.51784
1846,55.848079,37.517305
1847,56.018189,37.836899
1848,55.736574,37.670774
1849,55.736542,37.670656
1850,55.740673,37.588169
1851,55.827679,37.531251
1852,55.410203,37.470917
1853,55.410488,37.471155
1854,55.792387,38.435423
1855,55.430392,37.525955
1856,55.428825,37.531375
1857,55.766208,38.490753
1858,55.724678,37.620206
1859,55.788739,37.626451
1860,55.872021,37.537196
1861,55.872175,37.537254
1862,55.801322,37.645352
1863,55.756585,37.638229
1864,55.756721,37.638123
1865,55.756782,37.637879
1866,55.790398,37.73814
1867,55.746589,37.650915
1868,55.758204,37.655151
1869,55.75263,37.654885
1870,55.971732,37.833299
1871,55.876892,37.324991
1872,55.241346,37.543739
1873,55.241267,37.543895
1874,55.787012,37.625288
1875,55.996524,37.913384
1876,55.71096,37.648296
1877,55.632844,37.648868
1878,55.80257,38.468942
1879,55.803202,38.470846
1880,55.785506,37.626413
1881,55.802763,38.470297
1882,55.724553,37.604645
1883,55.725282,37.605718
1884,55.75263,37.654808
1885,56.020722,36.988114
1886,55.939492,37.55703
1887,55.650081,37.651886
1888,55.871609,37.528088
1889,55.733553,37.575837
1890,55.738006,37.618361
1891,55.738416,37.618043
1892,55.726302,37.605637
1893,55.654468,37.154301
1894,56.137664,37.573736
1895,55.57633,37.90219
1896,56.004456,38.188247
1897,55.838681,37.745999
1898,55.616159,37.652586
1899,55.681478,37.148251
1900,55.68098,37.149988
1901,55.68203,37.146523
1902,55.821243,37.460003
1903,55.866755,37.665072
1904,55.864345,37.665193
1905,55.812783,37.556908
1906,55.765864,37.653219
1907,55.766205,37.651496
1908,55.765301,37.651932
1909,56.113525,38.139145
1910,55.768898,37.739495
1911,55.773127,37.743815
1912,55.769338,37.741017
1913,55.769937,37.74275
1914,55.80309,37.487956
1915,55.801855,37.556696
1916,55.799148,37.657377
1917,55.801006,37.556481
1918,55.791976,37.684106
1919,55.762665,37.795097
1920,55.833222,37.670462
1921,55.87214,37.326519
1922,55.758521,37.376173
1923,55.758433,37.376041
1924,55.784673,37.606456
1925,55.920139,37.825102
1926,55.920132,37.825194
1927,55.919524,37.829006
1928,55.779888,38.453364
1929,55.7168,37.526832
1930,55.691935,37.755549
1931,55.693943,37.752527
1932,55.642122,37.668559
1933,55.694017,37.753451
1934,55.718485,37.48248
1935,55.657046,37.650073
1936,55.745879,37.191078
1937,55.745563,37.189143
1938,55.790313,37.823349
1939,55.790006,37.819566
1940,55.788974,37.820915
1941,55.8114,37.556812
1942,55.800215,37.569904
1943,55.762978,37.792336
1944,55.763372,37.792062
1945,55.946516,37.486713
1946,55.678965,37.465299
1947,55.768929,37.701297
1948,55.419855,38.258526
1949,55.418511,38.260088
1950,55.419008,38.25654
1951,55.813035,38.190925
1952,55.773193,37.246379
1953,56.144436,36.829598
1954,56.145152,36.828736
1955,55.794054,37.689778
1956,56.015777,37.460209
1957,55.711855,38.235173
1958,55.713148,38.234114
1959,55.682348,37.769438
1960,55.791943,37.684199
1961,55.729819,37.590162
1962,55.831734,37.683465
1963,55.806713,37.667593
1964,55.789013,37.693382
1965,55.793057,37.698743
1966,55.793106,37.698802
1967,55.792029,37.68852
1968,55.800304,37.702919
1969,55.800829,37.645303
1970,55.933896,37.842302
1971,55.783357,37.610227
1972,55.970094,37.832859
1973,55.918813,37.826159
1974,55.918688,37.825627
1975,55.918889,37.825156
1976,56.186093,36.998343
1977,56.185685,36.997431
1978,56.027807,37.846275
1979,55.786581,37.577007
1980,56.1651,37.954413
1981,55.77807,37.551513
1982,55.643857,37.414228
1983,55.799304,37.672832
1984,55.798463,37.673115
1985,55.798434,37.673099
1986,55.79805,37.673167
1987,55.680977,37.464235
1988,55.680895,37.463671
1989,55.677861,37.463716
1990,55.762677,37.792555
1991,55.614086,37.526365
1992,55.728013,38.031847
1993,55.727653,38.032244
1994,55.76608,37.650926
1995,55.775476,37.649687
1996,55.798181,37.579936
1997,55.727374,38.03261
1998,55.763635,37.795565
1999,55.762965,37.79846
2000,55.801987,37.553111
2001,55.78932,37.693778
2002,55.799978,37.676118
2003,55.825108,37.656316
2004,55.939663,37.556425
2005,55.75841,37.573633
2006,55.80774,37.667529
2007,55.806229,37.663776
2008,55.428261,37.523852
2009,55.844088,37.644387
2010,55.766698,37.79696
